curve,function,mesh,R,h,leaves,touched,bad,c,b,chi,area_ratio,refine_s,extract_s,peak_mb
elliptic,5,cp2,-,0.3,311240,22916,28,1,10,-10,0.997373,5.311,2.424,61.5898
elliptic,5,box,2,0.3,122182,9125,14,1,5,-5,0.78357,2.57776,1.13971,31.7539
elliptic,5,box,4,0.3,223902,15202,14,1,5,-5,0.922289,5.11522,2.40309,58.8984
elliptic,5,box,8,0.3,338414,22130,14,1,6,-6,0.980339,8.09135,4.10151,61.8477
elliptic,5,box,16,0.3,452716,29173,14,1,6,-6,0.994206,11.4929,6.13478,112.934
elliptic,5,cp2,-,0.2,1023146,59287,16,1,7,-7,1,18.679,9.75675,223.336
elliptic,5,box,2,0.2,322516,19814,9,1,5,-5,0.783721,7.20212,3.63249,59.8398
elliptic,5,box,4,0.2,562258,33166,9,1,5,-5,0.92252,13.3326,7.09864,113.98
elliptic,5,box,8,0.2,810518,47642,12,1,7,-7,0.98055,20.2467,11.1803,221.875
elliptic,5,box,16,0.2,1065792,62365,12,1,7,-7,0.994434,28.5029,16.3516,221.141
fermat_quartic,3,cp2,-,0.3,430194,34604,57,1,16,-20,0.998164,8.0664,3.79115,112.191
fermat_quartic,3,box,2,0.3,140414,11401,40,1,12,-14,0.706492,4.46657,1.40494,31.9102
fermat_quartic,3,box,4,0.3,269558,20545,43,1,14,-18,0.901964,8.99941,3.11628,59.1289
fermat_quartic,3,box,8,0.3,417118,30704,43,1,14,-18,0.962832,14.8024,5.40429,114.266
fermat_quartic,3,box,16,0.3,571170,41059,43,1,15,-19,0.983664,22.3833,8.14536,115.016
fermat_quartic,3,cp2,-,0.2,1396928,85555,68,1,25,-29,0.998705,27.2364,14.25,416
fermat_quartic,3,box,2,0.2,401822,25735,46,1,14,-16,0.710735,12.892,4.73814,112.949
fermat_quartic,3,box,4,0.2,753240,46011,54,1,18,-22,0.905659,25.489,9.77097,211.773
fermat_quartic,3,box,8,0.2,1143860,67737,57,1,19,-23,0.966559,40.6493,16.4597,221.781
fermat_quartic,3,box,16,0.2,1531978,89821,57,1,20,-24,0.987399,60.8855,24.0357,432.5
