curve,function,depth,bad,area_ratio_raw,area_ratio_closed
conic,0,10,8,0.999148,1.00028
conic,0,12,7,0.999417,0.999994
conic,0,14,2,0.999879,1.0002
conic,0,16,2,0.999877,1.00003
conic,0,18,6,0.999909,1.00008
elliptic,5,10,17,0.997688,1.00403
elliptic,5,12,25,0.995696,1.0031
elliptic,5,14,34,0.997481,1.00163
elliptic,5,16,21,0.999368,1.00084
elliptic,5,18,18,1.00044,1.00063
fermat_cubic,1,10,19,0.999812,1.0057
fermat_cubic,1,12,21,1.00058,1.00338
fermat_cubic,1,14,22,0.999969,1.00207
fermat_cubic,1,16,24,1.00011,1.00127
fermat_cubic,1,18,33,1.00019,1.00098
fermat_quartic,3,10,49,0.993429,1.00917
fermat_quartic,3,12,56,0.996371,1.00466
fermat_quartic,3,14,53,0.999158,1.00319
fermat_quartic,3,16,59,0.999,1.00193
fermat_quartic,3,18,73,0.999595,1.00129
