curve,function,depth,mode,leaves,ok,bad
conic,0,8,baseline,18006,2009,230
conic,0,8,combined,31752,3969,271
conic,0,10,baseline,37958,4412,305
conic,0,10,combined,89770,8409,280
conic,0,12,baseline,124394,8826,344
conic,0,12,combined,208060,15636,347
conic,0,14,baseline,238740,18692,350
conic,0,14,combined,455588,30410,367
conic,0,16,baseline,679176,36866,470
conic,0,16,combined,1047278,58507,269
elliptic,5,8,baseline,21092,2567,484
elliptic,5,8,combined,41132,6171,573
elliptic,5,10,baseline,47344,6070,643
elliptic,5,10,combined,108270,12439,665
elliptic,5,12,baseline,170934,12907,810
elliptic,5,12,combined,272440,21845,492
elliptic,5,14,baseline,327370,27397,887
elliptic,5,14,combined,612978,45709,729
elliptic,5,16,baseline,951776,54400,1084
elliptic,5,16,combined,1472110,87096,648
fermat_cubic,1,8,baseline,21488,2165,781
fermat_cubic,1,8,combined,33366,6125,1163
fermat_cubic,1,10,baseline,47216,5130,1189
fermat_cubic,1,10,combined,62860,10282,1702
fermat_cubic,1,12,baseline,162596,10778,2041
fermat_cubic,1,12,combined,188988,18949,1777
fermat_cubic,1,14,baseline,317986,24213,2663
fermat_cubic,1,14,combined,436130,38985,2438
fermat_cubic,1,16,baseline,950728,49775,3668
fermat_cubic,1,16,combined,1169412,72800,2323
fermat_quartic,3,8,baseline,23038,2266,1357
fermat_quartic,3,8,combined,28244,7080,2047
fermat_quartic,3,10,baseline,53860,6258,2121
fermat_quartic,3,10,combined,73856,14366,2874
fermat_quartic,3,12,baseline,205648,14108,3344
fermat_quartic,3,12,combined,242796,27497,3162
fermat_quartic,3,14,baseline,405990,33167,4347
fermat_quartic,3,14,combined,562934,57795,4482
fermat_quartic,3,16,baseline,1221360,68440,6361
fermat_quartic,3,16,combined,1500042,104823,4690
elliptic,5,18,baseline,1697524,113273,1163
elliptic,5,18,combined,3030468,177650,701
