curve,function,depth,leaves,bad,hash,global_leaves,global_bad,global_hash,same,legacy_leaves
conic,0,8,17938,7,f2c22d7e1abe6f58,17938,7,f2c22d7e1abe6f58,yes,27596
conic,0,12,124238,7,6f3b908f70b366f0,124238,7,6f3b908f70b366f0,yes,327794
conic,0,14,239036,2,a818d3dc0795d6b,239036,2,a818d3dc0795d6b,yes,739690
elliptic,5,8,21022,16,66b0c0e11386530f,21022,16,66b0c0e11386530f,yes,27636
elliptic,5,12,169304,25,3342475bdc39b672,169304,25,3342475bdc39b672,yes,413360
elliptic,5,14,326260,34,493fbf86048bd143,326260,34,493fbf86048bd143,yes,1248058
fermat_cubic,1,8,21556,21,dedfafc298033b0d,21556,21,dedfafc298033b0d,yes,27588
fermat_cubic,1,12,162310,21,cbce9a1f6033d50c,162310,21,cbce9a1f6033d50c,yes,424160
fermat_cubic,1,14,319008,22,d291d6bc6f144100,319008,22,d291d6bc6f144100,yes,1382010
fermat_quartic,3,8,23556,39,b3939adc3d64c14d,23556,39,b3939adc3d64c14d,yes,27550
fermat_quartic,3,12,207250,56,1fb9471525e0cc8d,207250,56,1fb9471525e0cc8d,yes,409716
fermat_quartic,3,14,407078,53,20c7b4eedb913b0c,407078,53,20c7b4eedb913b0c,yes,1377416
