curve,function,depth,mode,leaves,touched,bad,refine_s,extract_s,peak_mb
conic,0,12,continuation,124238,9168,7,1.88078,0.781169,31.5742
conic,0,12,both,171878,12437,2,2.68238,1.18799,32.0508
conic,0,14,continuation,239036,19079,2,3.77443,1.76835,58.2773
conic,0,14,both,364384,24829,4,5.99807,2.97247,108.047
conic,0,16,continuation,678726,37349,2,10.9866,5.94109,114.855
conic,0,16,both,894446,49350,5,14.9861,8.24989,221.723
conic,0,18,continuation,1199426,76634,6,20.2627,11.5226,222.445
conic,0,18,both,1775722,101136,6,31.2311,18.0309,433.16
elliptic,5,12,continuation,169304,13680,25,2.84531,1.10873,32.7891
elliptic,5,12,both,236882,18056,10,4.06547,3.44765,58.0703
elliptic,5,14,continuation,326260,28312,34,5.6289,2.50098,60.2578
elliptic,5,14,both,505654,37497,7,8.99487,4.28564,112.785
elliptic,5,16,continuation,952060,55594,21,16.7157,8.52812,221.867
elliptic,5,16,both,1325074,76128,6,24.0005,12.8184,223.348
elliptic,5,18,continuation,1698588,114607,18,33.0049,16.7938,434.645
elliptic,5,18,both,2601584,153787,8,49.7578,28.6255,438.895
fermat_cubic,1,12,continuation,162310,13345,21,2.72457,1.11464,33.4531
fermat_cubic,1,12,both,255462,18899,17,4.40595,3.91613,58.418
fermat_cubic,1,14,continuation,319008,27641,22,5.3878,2.63204,61
fermat_cubic,1,14,both,547748,38651,20,9.64389,4.84746,113.684
fermat_cubic,1,16,continuation,949916,54272,24,16.7094,9.0239,220.184
fermat_cubic,1,16,both,1332716,74710,26,24.4175,14.0448,222.297
fermat_cubic,1,18,continuation,1682274,111619,33,30.7107,17.3026,434.035
fermat_cubic,1,18,both,2651776,152486,27,50.5255,59.9311,438.703
fermat_quartic,3,12,continuation,207250,18771,56,3.73981,1.56546,58.8203
fermat_quartic,3,12,both,317872,27159,30,5.73425,7.85866,60.0312
fermat_quartic,3,14,continuation,407078,39095,53,7.48777,3.35831,112.094
fermat_quartic,3,14,both,692108,54053,43,13.0075,17.9144,209.758
fermat_quartic,3,16,continuation,1225880,76531,59,21.927,11.4563,224.258
fermat_quartic,3,16,both,1745178,106570,43,32.4229,54.6949,435.719
fermat_quartic,3,18,continuation,2234668,156936,73,44.3694,26.6165,437.941
fermat_quartic,3,18,both,3511254,213530,48,76.5935,38.9014,858.832
elliptic,5,20,continuation,4618522,224439,14,90.2932,56.4811,867.402
